Source,Date,Field_ID,Sample_ID,Collection,Location,Latitude,Longitude,Color_Category,Age_Class,Sex,Estimated_Age,CIBWPIC_ID,Association index,Genotyped (nDNA),dloop seq (mtDNA),Microbiome 
Biopsy,8/13/2016,MML-RA160813-B01,DLCIB16-31,NWFSC,Susitna Delta,61.239,-150.264,Medium gray,sub-adult,F,13.8,R18703,N,Y,Y,Y
Biopsy,8/15/2016,MML-RA160815-B01,DLCIB16-32,NWFSC,Susitna Delta,61.244,-150.276,Gray-white,adult,M,19.8,D16873,Y,Y,Y,Y
Biopsy,8/16/2016,MML-RA160816-B01,DLCIB16-33,NWFSC,Susitna Delta,61.238,-150.276,Medium gray,juvenile,F,No result,L18698,N,N,N,Y
Biopsy,8/19/2016,MML-RA160819-B01,DLCIB16-34,NWFSC,Knik Arm,61.328,-149.738,Gray-white,adult,F,15.7,D16854,Y,Y,Y,Y
Biopsy,8/19/2016,MML-RA160819-B02,DLCIB16-35,NWFSC,Knik Arm,61.328,-149.738,Gray-white,adult,F,22.1,D154,Y,Y,Y,Y
Biopsy,8/20/2016,MML-RA160820-B01,DLCIB16-36,NWFSC,Knik Arm,61.328,-149.738,Gray-white,adult,F,21.9,D220,Y,Y,Y,Y
Biopsy,9/2/2017,MML-RA170902-B01,DLCIB17-01,NWFSC,Knik Arm,61.343,-149.726,Gray-white,adult,F,17.9,D18630,Y,Y,Y,N
Biopsy,9/2/2017,MML-RA170902-B02,DLCIB17-02,NWFSC,Knik Arm,61.352,-149.722,Small gray,juvenile,F,13.2,D19173,Y,Y,Y,Y
Biopsy,9/2/2017,MML-RA170902-B03,DLCIB17-03,NWFSC,Knik Arm,61.359,-149.796,White,adult,M,17.8,D2379,Y,Y,Y,Y
Biopsy,9/2/2017,MML-RA170902-B04,DLCIB17-04,NWFSC,Knik Arm,61.325,-149.818,White,adult,M,17.4,D3221,Y,Y,Y,Y
Biopsy,9/3/2017,MML-RA170903-B01,DLCIB17-05,NWFSC,Knik Arm,61.357,-149.884,Gray-white,adult,M,23.1,D1187,Y,Y,Y,Y
Biopsy,9/3/2017,MML-RA170903-B02,DLCIB17-06,NWFSC,Knik Arm,61.349,-149.863,White,adult,F,16.5,D28419,Y,Y,Y,Y
Biopsy,9/4/2017,MML-RA170904-B01,DLCIB17-07,NWFSC,Susitna Delta,61.183,-150.522,White,adult,M,27.9,L2366,Y,Y,Y,Y
Biopsy,9/7/2017,MML-RA170907-B01,DLCIB17-08,NWFSC,Knik Arm,61.306,-149.846,Small gray,juvenile,F,11.3,R28421,N,Y,Y,Y
Biopsy,9/7/2017,MML-RA170907-B02,DLCIB17-09,NWFSC,Knik Arm,61.359,-149.718,White,adult,M,23.1,L28411,N,Y,Y,Y
Biopsy,9/9/2017,MML-RA170909-B01,DLCIB17-10,NWFSC,Chickaloon Bay,60.986,-150.3,White,adult,F,20.9,D326,Y,Y,Y,Y
Biopsy,9/9/2017,MML-RA170909-B02,DLCIB17-11,NWFSC,Chickaloon Bay,60.987,-150.301,White,adult,F,23.3,D3813,Y,Y,Y,Y
Biopsy,9/9/2017,MML-RA170909-B03,DLCIB17-12,NWFSC,Chickaloon Bay,60.989,-150.303,White,adult,F,15,D18993,Y,Y,Y,Y
Biopsy,9/6/2018,MML-RA180906-B01,DLCIB18-01,NWFSC,Chickaloon Bay,60.98,-150.243,Large gray,adult,F,14.7,R34559,Y,Y,Y,N
Biopsy,9/6/2018,MML-RA180906-B02,DLCIB18-02,NWFSC,Chickaloon Bay,60.976,-150.228,White,adult,M,15.6,R34164,Y,Y,Y,Y
Biopsy,9/6/2018,MML-RA180906-B03,DLCIB18-03,NWFSC,Chickaloon Bay,60.954,-150.159,Large gray,adult,M,14.8,R34933,N,Y,Y,Y
Biopsy,9/9/2018,MML-RA180909-B01,DLCIB18-04,NWFSC,Chickaloon Bay,61.003,-150.31,White,adult,M,25.9,D85,Y,Y,Y,Y
Biopsy,9/9/2018,MML-RA180909-B03,DLCIB18-06,NWFSC,Chickaloon Bay,60.978,-149.806,White,adult,M,19.9,D595,Y,Y,Y,Y
Biopsy,9/9/2018,MML-RA180909-B02,DLCIB18-05,NWFSC,Chickaloon Bay,60.97,-149.938,Gray-white,adult,M,21.2,D18488,Y,Y,Y,Y
Biopsy,9/10/2018,MML-RA180910-B05,DLCIB18-11,NWFSC,Chickaloon Bay,60.959,-149.935,Large gray,adult,M,18.8,D33575,Y,Y,Y,Y
Biopsy,9/10/2018,MML-RA180910-B01,DLCIB18-07,NWFSC,Chickaloon Bay,60.969,-150.095,Large gray,adult,F,20.4,L34923,N,Y,Y,Y
Biopsy,9/10/2018,MML-RA180910-B02,DLCIB18-08,NWFSC,Chickaloon Bay,60.971,-150.102,Large gray,adult,F,19.7,R34938,Y,Y,Y,Y
Biopsy,9/10/2018,MML-RA180910-B03,DLCIB18-09,NWFSC,Chickaloon Bay,60.971,-150.102,Gray-white,adult,F,20.7,D17121,Y,Y,Y,Y
Biopsy,9/10/2018,MML-RA180910-B04,DLCIB18-10,NWFSC,Chickaloon Bay,60.959,-150.031,White,adult,M,27.7,D85,Y,Y,Y,Y
Biopsy,9/11/2018,MML-RA180911-B01,DLCIB18-12,NWFSC,Chickaloon Bay,60.976,-150.133,Medium gray,sub-adult,F,15.8,D20266,Y,Y,Y,Y
Biopsy,9/11/2018,MML-RA180911-B02,DLCIB18-13,NWFSC,Chickaloon Bay,60.971,-150.127,Medium gray,,M,8.3,L34948,Y,Y,Y,N
Biopsy,9/11/2018,MML-RA180911-B03,DLCIB18-14,NWFSC,Chickaloon Bay,60.97,-150.125,Large gray,adult,F,17.3,D17286,Y,Y,Y,N
Biopsy,9/11/2018,MML-RA180911-B04,DLCIB18-15,NWFSC,Chickaloon Bay,60.972,-150.079,Large gray,adult,M,15.3,R21848,Y,Y,Y,Y
Biopsy,9/11/2018,MML-RA180911-B05,DLCIB18-16,NWFSC,Chickaloon Bay,60.972,-150.073,Large gray,sub-adult,M,13.2,R34941,N,Y,Y,Y
Biopsy,9/12/2018,MML-RA180912-B01,DLCIB18-17,NWFSC,Chickaloon Bay,60.959,-149.942,Gray-white,adult,M,23.3,R17000,Y,Y,Y,Y
Biopsy,9/12/2018,MML-RA180912-B02,DLCIB18-18,NWFSC,Chickaloon Bay,60.959,-149.931,White,adult,M,26.5,D85,Y,Y,Y,Y
Biopsy,9/12/2018,MML-RA180912-B03,DLCIB18-19,NWFSC,Chickaloon Bay,60.975,-149.898,White,adult,M,21.5,D10860,Y,Y,Y,Y
Biopsy,9/12/2018,MML-RA180912-B04,DLCIB18-20,NWFSC,Chickaloon Bay,60.975,-149.886,White,adult,M,18.9,D11374,Y,Y,Y,Y
Biopsy,9/12/2018,MML-RA180912-B05,DLCIB18-21,NWFSC,Chickaloon Bay,60.976,-149.879,Large gray,adult,F,14.7,R34947,N,Y,Y,Y
Biopsy,8/28/2019,MML-RA190828-B01,DLCIB19-01,NWFSC,Knik Arm,61.295,-149.836,Large gray,,F,No result,L35082,N,Y,Y,FAIL
Biopsy,8/28/2019,MML-RA190828-B02,DLCIB19-02,NWFSC,Knik Arm,61.308,-149.825,Large gray,,F,12.6,R35092,N,Y,Y,FAIL
Biopsy,8/28/2019,MML-RA190828-B03,DLCIB19-03,NWFSC,Knik Arm,61.331,-149.778,Gray-white,,M,16.5,R37977,N,Y,Y,FAIL
Biopsy,8/29/2019,MML-RA190829-B04,DLCIB19-04,NWFSC,Chickaloon Bay,61.001,-150.305,Gray-white,,M,19.6,R3235,Y,Y,Y,FAIL
Biopsy,8/30/2019,MML-RA190830-B05,DLCIB19-05,NWFSC,Chickaloon Bay,60.961,-149.913,Gray-white,,F,19.2,L35081,N,Y,Y,FAIL
Biopsy,8/30/2019,MML-RA190830-B06,DLCIB19-06,NWFSC,Chickaloon Bay,60.964,-149.902,Gray-white,,M,18.2,L8151,Y,Y,Y,FAIL
Biopsy,8/31/2019,MML-RA190831-B07,DLCIB19-07,NWFSC,Knik Arm,61.304,-149.852,Gray-white,,M,20,D2379,Y,Y,Y,FAIL
Biopsy,8/31/2019,MML-RA190831-B08,DLCIB19-08,NWFSC,Knik Arm,61.305,-149.852,Gray-white,,F,23.9,R16674,Y,Y,Y,FAIL
Biopsy,8/31/2019,MML-RA190831-B09,DLCIB19-09,NWFSC,Knik Arm,61.305,-149.853,Gray-white,,M,24.9,no photo,N,Y,Y,FAIL
Biopsy,8/31/2019,MML-RA190831-B10,DLCIB19-10,NWFSC,Knik Arm,61.305,-149.858,Gray-white,,F,22.8,D3833,Y,Y,Y,FAIL
Biopsy,8/31/2019,MML-RA190831-B11,DLCIB19-11,NWFSC,Knik Arm,61.315,-149.843,Medium gray,,F,No result,L27193,Y,Y,Y,FAIL
Biopsy,8/31/2019,MML-RA190831-B12,DLCIB19-12,NWFSC,Knik Arm,61.322,-149.84,Large gray,,F,21.1,L35086,N,Y,Y,FAIL
Biopsy,8/31/2019,MML-RA190831-B13,DLCIB19-13,NWFSC,Knik Arm,61.33,-149.884,Large gray,,M,15.7,L35087,N,Y,Y,FAIL
Biopsy,9/13/2019,MML-RA190913-B14,DLCIB19-14,NWFSC,Knik Arm,61.331,-149.731,Gray-white,,M,31.1,D25,Y,Y,Y,FAIL
Stranding,9/2/1992,CI-1-92,1333,SWFSC,Turnagain Arm,61.033333,-149.883333,,,M,,N/A,N,N,Y,N
Stranding,9/11/1992,CI-2-92,1334,SWFSC,Sustina Delta,61.333333,-150.75,,,U,,N/A,N,N,Y,N
Stranding,10/7/1992,CI-3-92,1335,SWFSC,Kenai River,60.583333,-151.316666,,,M,,N/A,N,Y,Y,N
Stranding,10/7/1992,CI-4-92,1336,SWFSC,Kenai River,60.583333,-151.316666,,,M,,N/A,N,Y,Y,N
Harvest,6/11/1993,CI-002-93,1572,SWFSC,Beluga River,61.2,-150.95,,,M,,N/A,N,Y,Y,N
Harvest,6/30/1993,CI-001-93,1574,SWFSC,Little Susitna River,61.333333,-150.75,,,M,,N/A,N,Y,Y,N
Stranding,9/15/1994,CID-07-94,2567,SWFSC,Birchwood,61.4,-149.466666,,,M,,N/A,N,Y,Y,N
Stranding,9/13/1994,CID-08-94,2568,SWFSC,Anchorage,61.216666,-149.9,,,M,,N/A,N,N,N,N
Stranding,8/10/1994,CID-09-94,2569,SWFSC,Little Susitna River,61.233333,-150.266666,,,M,,N/A,N,Y,Y,N
Stranding,9/21/1994,CID-10-94,2570,SWFSC,Little Susitna River,61.333333,-150.75,,,M,,N/A,N,N,N,N
Harvest,10/12/1994,CI-101-94,3649,SWFSC,Kasilof River,,,,,M,,N/A,N,N,N,N
Harvest,5/3/1995,BLKA-95-21,4107,SWFSC,Susitna River,,,,,M,,N/A,N,Y,Y,N
Harvest,4/20/1995,BLKA-95-20,4108,SWFSC,Kachemak Bay,59.583333,-151.866666,,,F,,N/A,N,Y,Y,N
Harvest,5/9/1995,BLKA-95-22,4109,SWFSC,Susitna Delta,61.316666,-150.616666,Gray-white,,F,,N/A,N,Y,Y,N
Harvest,6/1/1995,BKLA-95-23,4195,SWFSC,Susitna Delta,61.25,-150.316666,,,F,,N/A,N,Y,Y,N
Harvest,6/5/1995,BKLA-95-24,4196,SWFSC,Susitna River,,,,pregnant,F,,N/A,N,Y,Y,N
Harvest,6/5/1995,BKLA-95-25F,4197,SWFSC,Susitna River,,,,fetus,F,,N/A,N,Y,FAIL,N
Harvest,6/19/1995,BLKA-95-26,4359,SWFSC,Susitna River,61.333333,-152.75,,,M,,N/A,N,Y,FAIL,N
Harvest,6/27/1995,BLKA-95-27,4360,SWFSC,Beluga River,61.2,-150.933333,,,M,,N/A,N,Y,FAIL,N
Harvest,6/28/1995,BLKA-95-28,4361,SWFSC,Beluga River,61.2,-150.933333,,,M,,N/A,N,Y,Y,N
Harvest,6/29/1995,CID-95-Z01,4362,SWFSC,Susitna River,,,,,M,,N/A,N,Y,N,N
Stranding,7/21/1995,CI-950721,4405,SWFSC,Kenai River,60.166666,-151.25,,,F,,N/A,N,Y,Y,N
Harvest,8/11/1995,BLKA-95-29,4466,SWFSC,Susitna River,61.333333,-150.75,,,M,,N/A,N,Y,Y,N
Harvest,9/13/1995,AKDL-950913,4528,SWFSC,Eagle River,61.25,-149.683333,,,F,,N/A,N,Y,Y,N
Harvest,10/13/1995,CI-951013-01,4617,SWFSC,Chickaloon River,,,,,F,,N/A,N,Y,Y,N
Harvest,10/13/1995,CI-951013-02,4618,SWFSC,Chickaloon River,,,,,M,,N/A,N,N,N,N
Stranding,10/31/1995,CI-951-31,4619,SWFSC,Nikiski,60.666666,-151.25,,,F,,N/A,N,N,N,N
Stranding,8/19/1994,NBS940819,4840,SWFSC,Susitna River,,,,,U,,N/A,N,N,N,N
Stranding,8/28/1992,CI-01-92,4881,SWFSC,Susitna River,61.333333,-150.666666,,,U,,N/A,N,N,FAIL,N
Stranding,9/25/1992,CI-02-92,4882,SWFSC,Anchorage,61.05,-149.8,,,U,,N/A,N,N,N,N
Harvest,6/18/1996,BKLA-96-031,5316,SWFSC,Susitna River,61.333333,-150.75,,,F,,N/A,N,Y,Y,N
Harvest,7/15/1996,BLKA-96-032,5381,SWFSC,Susitna River,,,,,F,,N/A,N,Y,Y,N
Harvest,7/29/1996,BKLA-96-033,5428,SWFSC,Susitna River,,,,,F,,N/A,N,Y,Y,N
Stranding,8/2/1996,ADFG960802-01,5746,SWFSC,Anchorage,61.216666,-149.9,,,M,,N/A,N,Y,Y,N
Harvest,8/29/1996,BLKA-96-034,5938,SWFSC,"Point MacKenzie, Knik Arm",,,,,F,,N/A,N,Y,Y,N
Harvest,9/22/1995,CI-950922,5992,SWFSC,Point Woronzof,61.216666,-149.9,,,M,,N/A,N,N,Y,N
Stranding,8/28/1996,CI-960828-01,5993,SWFSC,Anchorage,61.216666,-149.9,,,M,,N/A,N,N,N,N
Stranding,8/28/1996,CI-960828-02,5994,SWFSC,Anchorage,61.216666,-149.9,,,M,,N/A,N,N,N,N
Stranding,8/28/1996,CI-960828-03,5995,SWFSC,Anchorage,61.216666,-149.9,,,F,,N/A,N,N,N,N
Stranding,8/28/1996,CI-960828-04,5996,SWFSC,Anchorage,61.216666,-149.9,,,M,,N/A,N,N,N,N
Stranding,8/28/1996,CI-960828-05,5997,SWFSC,Anchorage,61.216666,-149.9,,,F,,N/A,N,N,N,N
Harvest,7/13/1996,CI-960713,5998,SWFSC,Susitna River,61.233333,-150.416666,,,U,,N/A,N,Y,Y,N
Harvest,10/24/1996,CI-961024,5999,SWFSC,"Ship Creek, Anchorage",61.216666,-149.9,,,F,,N/A,N,Y,Y,N
Harvest,10/7/1996,BLKA-96-036,6001,SWFSC,Chickaloon River,,,,,M,,N/A,N,Y,Y,N
Harvest,10/7/1996,BLKA-96-037,6002,SWFSC,Chickaloon River,,,,,M,,N/A,N,Y,Y,N
Harvest,8/1/1996,CI-960801,6003,SWFSC,Susitna River,61.25,-150.666666,,,F,,N/A,N,N,FAIL,N
Harvest,5/27/1997,CIBL01-97,7400,SWFSC,Susitna Delta,61.283333,-150.566666,,,M,,N/A,N,Y,Y,N
AK-NMFS,6/4/1997, ,7401,SWFSC,Anchorage,,,,,F,,N/A,N,Y,Y,N
Stranding,8/28/1996,DL-960828,7948,SWFSC,Turnagain Arm,60.183333,-149.5,,,U,,N/A,N,N,N,N
Harvest,6/26/1997,DL-970626,7950,SWFSC,"Ship Creek, Anchorage",61.216666,-149.9,,,M,,N/A,N,Y,Y,N
Harvest,8/27/1997,CI-970827,8419,SWFSC,Anchorage,61.216666,-149.9,,,M,,N/A,N,Y,Y,N
Stranding,4/9/1998,DL9801,9533,SWFSC,Girdwood,60.933333,-149.15,,,M,,N/A,N,Y,Y,N
Harvest,5/13/1998,692-BLKA-050,9798,SWFSC,Susitna River,,,,,F,,N/A,N,Y,Y,N
Harvest,5/13/1998,692-BKLA-051,9799,SWFSC,Susitna River,,,,,M,,N/A,N,Y,Y,N
Harvest,5/16/1998,692-BKLA-052,9800,SWFSC,Susitna River,61.283333,-150.55,,,M,,N/A,N,Y,Y,N
AK-NMFS,6/2/1998,BLKA-UNK01,9842,SWFSC,Cook Inlet,,,,,M,,N/A,N,Y,Y,N
Stranding,5/22/1998,AK980522.DL01,9845,SWFSC,Anchorage,61.216666,-149.9,,,M,,N/A,N,Y,Y,N
Harvest,6/15/1998,DL9802,10044,SWFSC,Susitna Delta,61.316666,-150.616666,,,F,,N/A,N,Y,Y,N
Harvest,10/1/1998,DLEU981001,10918,SWFSC,Chickaloon River,61.216666,-149.9,,,F,,N/A,N,Y,Y,N
AK-NMFS,7/28/1998,DLEU980728,10919,SWFSC,Anchorage,61.166666,-150.15,,,M,,N/A,N,Y,Y,N
AK-NMFS,9/9/1998,DLEU980909,10920,SWFSC,Chickaloon Bay,60.816666,-149.983333,,,M,,N/A,N,Y,Y,N
Stranding,8/28/1996,AKCIBL96-828.01,12727,SWFSC,Turnagain Arm,60.983333,-149.783333,,,U,,N/A,N,N,N,N
Stranding,5/27/1997,AKCIBL01-97,12728,SWFSC,Susitna River,61.266666,-150.55,,,M,,N/A,N,Y,Y,N
Harvest,4/22/1998,692-BLKA-038,12733,SWFSC,Susitna Delta,61.266666,-150.566666,,pregnant,F,,N/A,N,Y,Y,N
Harvest,4/22/1998,692-BKLA-039,12734,SWFSC,Susitna Delta,61.266666,-150.566666,,fetus ,F,,N/A,N,N,N,N
Captured,5/31/1999,RCF0399,13343,SWFSC,Cook Inlet,61.216666,-150.283333,,,F,10,L2191,Y,Y,Y,N
Tagging,5/31/1999,RCF0400,13344,SWFSC,Little Susitna River,61.216666,-150.283333,,,M,,no match,N,Y,Y,N
Stranding,8/29/1999,AK990830.01,13504,SWFSC,"Bird Creek, Turnagain Arm",60.916666,-149.35,,,M,,N/A,N,Y,Y,N
Stranding,8/31/1999,AK990831.01,13505,SWFSC,Girdwood,60.933333,-149.15,,,M,,N/A,N,Y,Y,N
Stranding,8/29/1999,AK990901.01,13506,SWFSC,Hope,60.916666,-149.633333,,,F,,N/A,N,Y,Y,N
Stranding,8/29/1999,AK990901.02,13507,SWFSC,Hope,60.916666,-149.633333,,,F,,N/A,N,Y,Y,N
Stranding,9/11/1999,AK990911.01,13734,SWFSC,Anchorage,61.216666,-149.9,,,F,,N/A,N,Y,Y,N
Stranding,9/18/1999,AK990918.01,13738,SWFSC,Anchorage,61.216666,-149.9,,,F,,N/A,N,Y,N,N
Stranding,7/7/1999,AK990707.01,14340,SWFSC,Tyonek,61.1,-151.083333,,,M,,N/A,N,Y,Y,N
Stranding,7/26/1999,AK990726.01,14341,SWFSC,Anchorage,61.15,-150.216666,,,U,,N/A,N,Y,Y,N
Stranding,10/12/1994,AK941012.01,14366,SWFSC,Kasilof River,60.166666,-150.25,,,M,,N/A,N,N,N,N
Stranding,4/XX/2000,005-DL-LJ-01,15666,SWFSC,Ninilchik,60.5,-151.666666,,subadult,U,,N/A,N,N,N,N
Stranding,6/19/2000,AKDL000619.01,16604,SWFSC,Nikiski,60.733333,-151.3,,subadult,M,,N/A,N,Y,Y,N
Stranding,6/24/2000,AKDL000624.01,16605,SWFSC,Anchorage,61.216666,-149.9,,subadult/adult,M,,N/A,N,Y,Y,N
Stranding,7/23/2000,AKDL000723.01,17098,SWFSC,Anchorage,61.216666,-149.9,,unknown,M,,N/A,N,Y,Y,N
Stranding,8/11/2000,AK-DL-000811.01,17138,SWFSC,Tyonek,61.066666,-151.133333,,calf,M,,N/A,N,Y,Y,N
Captured,9/8/2000,CI-DL-01-00,17295,SWFSC,Eagle Bay,61.35,-149.783333,,,F,,N/A,N,N,N,N
Tagging,9/13/2000,CI-DL-02-00,17296,SWFSC,Eagle Bay,61.35,-149.783333,,,F,14.3,D111,Y,Y,Y,N
Tagging,9/13/2000,CI-DL-03-00,17297,SWFSC,Eagle Bay,61.35,-149.783333,,,M,,no match,N,Y,Y,N
Stranding,9/17/2000,AKDL000917.01,17859,SWFSC,Girdwood,60.883333,-149.033333,,calf,F,,N/A,N,N,N,N
Stranding,9/25/2000,AKDL000925.01,17860,SWFSC,"Indian Creek, Turnagain Arm",60.983333,-149.5,,adult,F,,N/A,N,Y,Y,N
Stranding,9/26/2000,AKDL000926.01,17861,SWFSC,"Bird Creek, Turnagain Arm",60.966666,-149.466666,,adult,F,,N/A,N,Y,Y,N
Harvest,7/21/2001,692-BLKA-073,24819,SWFSC,Susitna River,,,,,F,,N/A,N,Y,Y,N
Stranding,8/10/2001,CI-01-01,24851,SWFSC,Little Susitna River,,,,,F,,N/A,N,N,N,N
Stranding,8/11/2001,CI-01-02,24852,SWFSC,Eagle River,,,,,M,,N/A,N,N,N,N
Stranding,8/12/2001,CI-01-03,24853,SWFSC,Eagle River,,,,,U,,N/A,N,N,N,N
Stranding,8/13/2001,CI-01-04,24854,SWFSC,Eagle River,,,,,F,,N/A,N,Y,Y,N
Stranding,8/13/2001,CI-01-05,24855,SWFSC,Eagle River,,,,,F,,N/A,N,N,N,N
Stranding,8/15/2001,CI-01-06,24856,SWFSC,Eagle River,,,,,F,,N/A,N,N,N,N
Stranding,8/20/2001,CI-01-07,24857,SWFSC,Eagle River,,,,,M,,N/A,N,Y,Y,N
Stranding,8/11/2001,DL010811.01,24858,SWFSC,Eagle River,,,,,F,,N/A,N,N,N,N
Stranding,10/4/2001,AK-DL-011004.01,25187,SWFSC,Tyonek,61.066666,-151.133333,,adult,F,,N/A,N,Y,Y,N
Stranding,9/20/2001,AK-DL-010920.01/2001-CIB-0126,25188,SWFSC,Anchorage,61.216666,-149.9,,adult,M,,N/A,N,N,N,N
Stranding,6/12/2000,AK000612.01,25491,SWFSC,Point Possession,61.016666,-150.466666,,adult,M,,N/A,N,Y,Y,N
Stranding,8/XX/2001,AK0108.01,25492,SWFSC,"Point MacKenzie, Knik Arm",61.233333,-149.983333,,unknown,U,,N/A,N,N,N,N
Stranding,10/10/2001,AK011010.01,25493,SWFSC,Kasilof River,60.383333,-151.3,,adult,M,,N/A,N,Y,Y,N
Stranding,10/11/2001,AK011011.01/2001-CIB-0131,25494,SWFSC,Trading Bay,60.916666,-151.583333,,adult,F,,N/A,N,Y,Y,N
Stranding,10/12/2001,AK011012.01,25495,SWFSC,Anchorage,61.2523,-149.8814,,calf,F,,N/A,N,Y,Y,N
Stranding,5/31/2002,AK020531.01,27935,SWFSC,Anchorage,61.216666,-149.9,,,U,,N/A,N,Y,Y,N
Stranding,6/16/2002,DL-01-02/AK2002-018,27937,SWFSC,Nikiski,60.683333,-151.283333,,adult,M,,N/A,N,Y,Y,N
Tagging,7/29/2002,CI2002-01,28912,SWFSC,Susitna Delta,61.233333,-150.316666,white,,M,,no match,N,Y,Y,N
Tagging,7/30/2002,CI2002-02,28913,SWFSC,Susitna River,61.233333,-150.316666,white/grey,,F,,N/A,N,Y,N,N
Tagging,7/31/2002,CI2002-03,28914,SWFSC,Knik Arm,61.416666,-149.65,white,,F,,no match,N,Y,Y,N
Tagging,8/1/2002,CI2002-04,28915,SWFSC,Susitna River,61.216666,-150.333333,white,,F,,N/A,N,Y,Y,N
Tagging,8/2/2002,CI2002-05,28916,SWFSC,"Birchwood, Knik Arm",61.416666,-149.583333,white/grey,,M,,D2303,Y,N,Y,N
Tagging,8/3/2002,CI2002-06,28917,SWFSC,"Birchwood, Knik Arm",61.4,-149.583333,white/grey,,M,,D2204,Y,Y,Y,N
Tagging,8/3/2002,CI2002-07,28918,SWFSC,Eagle Bay,61.333333,-149.75,white,,F,,N/A,N,Y,Y,N
Tagging,8/3/2002,CI2002-08,28919,SWFSC,Knik Arm,61.433333,-149.5,white/grey,,M,,D115,Y,Y,Y,N
Harvest,7/22/2002,692-BLKA-076,28925,SWFSC,Susitna River,61.333333,-150.75,,,M,,N/A,N,Y,Y,N
Stranding,8/14/2002,DL-CI-01-02,28926,SWFSC,"Point MacKenzie, Knik Arm",61.35,-149.966666,,adult,M,,N/A,N,Y,Y,N
Stranding,9/28/2002,AKDL020928,28944,SWFSC,Tyonek,61.083333,-151.1,,adult,F,,N/A,N,Y,Y,N
Stranding,10/11/2002,DL-CI-02-02/2002-CIB-0154,29813,SWFSC,Point Possession,60.833333,-151,,adult,F,,N/A,N,N,Y,N
Stranding,1/17/2003,DL-CI-01-03,32510,SWFSC,Anchorage,,,,,U,,N/A,N,Y,Y,N
Stranding,3/31/2003,DL-NK-1-03,32511,SWFSC,Nikiski,60.6599,-151.3735,,adult,F,,N/A,N,N,Y,N
Stranding,3/31/2003,DL-NK-1-03FETUS,32512,SWFSC,Nikiski,60.6599,-151.3735,,fetus,U,,N/A,N,Y,Y,N
Stranding,7/28/2003,DL-KF-030728/CI/2003-CIB-0160,34576,SWFSC,Kasilof River,60.6999,-151.4695,,adult,F,,N/A,N,Y,Y,N
Harvest,8/4/2003,DL-TK-030804/079,34577,SWFSC,Susitna River,,,,,F,,N/A,N,Y,Y,N
Stranding,8/14/2003,DL-KN-030814,34578,SWFSC,"Wasilla, Knik Arm",61.2477,-149.8848,,adult,M,,N/A,N,Y,Y,N
Stranding,8/12/2003,DL-CI-030812,34579,SWFSC,Tyonek,61.166666,-151.1097,,adult,M,,N/A,N,Y,Y,N
Stranding,7/28/2003,DL-AN-030728,34581,SWFSC,Chickaloon Flats,60.9829,-150.2894,,calf,M,,N/A,N,Y,Y,N
Stranding,8/25/2003,DL-AN-030825,35278,SWFSC,Anchorage,61.3,-149.9,,adult,M,,N/A,N,Y,Y,N
Stranding,8/28/2003,DL-AN-030828.1,35279,SWFSC,Anchorage,61.0943,-149.8792,,adult,M,,N/A,N,Y,Y,N
Stranding,8/28/2003,DL-AN-030828.2/2003-CIB-016,35280,SWFSC,Anchorage,61.0806,-149.8448,,adult,M,,N/A,N,Y,Y,N
Stranding,8/28/2003,DL-GW-030828,35281,SWFSC,Girdwood,60.9273,-149.3419,,adult,M,,N/A,N,Y,Y,N
Stranding,8/19/2003,0301-DL-DW,35341,SWFSC,Shirleyville,61.016666,-151.683333,,calf,M,,N/A,N,Y,Y,N
Stranding,8/28/2003,DL-AN-030828.3,35342,SWFSC,Point Woronzof,61.15,-150.016666,,adult,M,,N/A,N,N,Y,N
Stranding,9/10/2003,DL-AN-030910,35343,SWFSC,Anchorage,61.0702,-149.8285,,calf,U,,N/A,N,Y,Y,N
Stranding,9/12/2003,DL-GW-030912,35344,SWFSC,Girdwood,60.933333,-149.15,,adult,F,,N/A,N,Y,Y,N
Stranding,9/15/2003,DL-AN-030915,35345,SWFSC,Anchorage,61.116666,-149.95,,calf,M,,N/A,N,Y,Y,N
Stranding,9/17/2003,DL-AN-030917,35346,SWFSC,Anchorage,61.1,-149.916666,,subadult,F,,N/A,N,N,Y,N
Stranding,10/15/2003,CI-031015.01,35853,SWFSC,Anchorage,61.133333,-150.033333,,adult,M,,N/A,N,Y,Y,N
Stranding,10/17/2003,CI-031017.01,35854,SWFSC,Ship Creek,61.2268,-149.9027,,calf,U,,N/A,N,Y,Y,N
Stranding,11/5/2003,11-05-03 CIB/2003-CIB-0181,39050,SWFSC,Beluga Point,60.9999,-149.6915,,adult,F,,N/A,N,Y,Y,N
Stranding,8/12/2004,CI-040812,41732,SWFSC,Shirleyville,61.012,-151.3973,,adult,M,,N/A,N,N,FAIL,N
Stranding,8/1/2004,CI-040801,41733,SWFSC,Turnagain Arm,,,,,U,,N/A,N,N,N,N
Stranding,7/28/2004,CI-040728,41745,SWFSC,Tyonek,60.7814,-151.3154,,adult,M,,N/A,N,Y,Y,N
Stranding,8/25/2004,DL-040825/2004-CIB-0142,41746,SWFSC,Anchorage,61.2,-149.9,,calf,U,,N/A,N,Y,Y,N
Stranding,7/29/2005,DLEU-050729,47971,SWFSC,Anchorage,60.8085,-148.9742,,calf,M,,N/A,N,Y,Y,N
Harvest,7/24/2005,692-BLKA-080,47973,SWFSC,Susitna River,,,,,M,,N/A,N,Y,Y,N
Stranding,8/15/2005,DLEU050815,49104,SWFSC,Shirleyville,61.0138,-151.4241,,adult,F,,N/A,N,Y,FAIL,N
Stranding,9/8/2005,DLEU050908,49106,SWFSC,Girdwood,61.033333,-149.883333,,adult,M,,N/A,N,Y,Y,N
Stranding,9/12/2005,DLEU050912,49107,SWFSC,Nikiski,60.666666,-151.25,,adult,F,,N/A,N,Y,Y,N
Harvest,8/7/2005,2005-CIB-0202,52483,SWFSC,Susitna River,61.266666,-150.566666,,,F,,N/A,N,Y,Y,N
Stranding,8/31/2005,DLEU-050831,56795,SWFSC,"Birchwood, Knik Arm",61.416666,-149.483333,,subadult/adult,M,,N/A,N,Y,Y,N
Stranding,9/30/2006,DLEU-060930,60926,SWFSC,Kenai River,60.5492,-151.2625,,adult,F,,N/A,N,Y,Y,N
Stranding,10/11/2006,692-BLKA-081,60927,SWFSC,Anchorage,61.0175,-149.7395,,adult,F,,no match,N,Y,Y,N
Stranding,6/7/2007,DL061307,67545,SWFSC,Kalgin Island,60.3,-151.887,,adult,M,,no match,N,Y,Y,N
Stranding,8/7/2007,DLEU070807,69832,SWFSC,Anchorage,61.1256,-149.9619,,calf,M,,no match,N,Y,Y,N
Stranding,6/9/2007,DLEU070609,69833,SWFSC,Anchorage,61.1052,-149.9244,,subadult,U,,no match,N,N,N,N
Stranding,10/1/2007,DLEU071001/DL0703,70581,SWFSC,Tyonek,61.17,-151.02,,adult,F,,no match,N,Y,FAIL,N
Stranding,10/3/2007,DLEU071003/DL0704,70582,SWFSC,Anchorage,61.033333,-150.35,,adult,F,,no match,N,Y,FAIL,N
Stranding,10/7/2007,DLEU071007,70583,SWFSC,Anchorage,61.2262,-149.3092,,adult,M,,no match,N,N,Y,N
Stranding,12/16/2007,DLEU071216,72788,SWFSC,Anchorage,61.083333,-149.85,,unknown,U,,no match,N,Y,Y,N
Stranding,10/5/2007,UNK071005,72789,SWFSC,Tyonek,,,,,U,,no match,N,Y,Y,N
Stranding,4/19/2008,2008-CIB-01/DLEU000419,74688,SWFSC,Anchorage,61.0773,-149.8425,,adult,U,,no match,N,Y,Y,N
Stranding,7/4/2008,2008-CIB-03/DLEU080704,74693,SWFSC,Point Possession,61.0511,-150.3881,,adult,F,,no match,N,Y,Y,N
Stranding,7/4/2008,2008-CIB-03/DLEU080704F,74694,SWFSC,Point Possession,61.0511,-150.3881,,fetus,M,,no match,N,N,N,N
Stranding,6/15/2008,2008-CIB-02/DLEU080615,74695,SWFSC,Fire Island,61.1685,-150.2278,,subadult,U,,no match,N,Y,Y,N
Stranding,7/29/2008,2008-CIB-06/DL0801,77291,SWFSC,Anchorage,61.1081,-149.9295,,adult,M,,no match,N,Y,Y,N
Stranding,8/8/2008,2008-CIB-07/DL0802,77292,SWFSC,"Point MacKenzie, Knik Arm",61.2886,-149.9129,,subadult/adult,F,10,R197,Y,Y,Y,N
Stranding,8/8/2008,2008-CIB-08/DL0803,79633,SWFSC,"Fish Creek, Knik Arm",61.4269,-149.7565,,adult,F,37,R16,Y,Y,Y,N
Stranding,7/20/2008,2008-CIB-04,79634,SWFSC,Anchorage,61.1508,-150.0638,,calf,F,,no match ,N,N,N,N
Stranding,7/23/2008,2008-CIB-05,79635,SWFSC,Nikiski,61.0257,-150.4299,,fetus,M,,no match ,N,Y,Y,N
Stranding,9/23/2009,CIB0902,88238,SWFSC,Anchorage,61.15,-150.05,,calf,M,,no match ,N,Y,Y,N
Stranding,6/12/2009,DL0901,88661,SWFSC,Turnagain Arm near Anchorage,61.1151,-149.9418,,adult,F,,no match ,N,Y,Y,N
Stranding,6/12/2009,DL0902/DL0901-02,88662,SWFSC,Turnagain Arm near Anchorage,61.1151,-149.9418,,fetus from DL0901,F,,no match ,N,Y,Y,N
Stranding,10/9/2009,CIB-100909-AVPS,91065,SWFSC,"Elderberry Park, Knik Arm",61.216666,-149.9,,adult,F,14,D157,Y,Y,Y,N
Stranding,10/15/2009,DL101509/CIB-101509-AVPS,91066,SWFSC,Eagle Bay,62.466666,-149.833333,,adult,F,,no match,N,Y,Y,N
Stranding,6/29/2007,DL062907/V07-092,91067,SWFSC,Nikiski,60.46808,-151.887,,subadult,M,,no match,N,Y,Y,N
Stranding,6/30/2010,CIB10-01/KBH-062810-01,100684,SWFSC,Moose Point,61.0118,-150.4773,,adult,F,,no match,N,Y,Y,N
Stranding,8/5/2012,2012-CIB-03,108943,SWFSC,Point Possession,61.0381,-150.3749,,calf,U,,no match,N,N,N,N
Stranding,10/5/2012,2012180/2012-CIB-06,113072,SWFSC,Tyonek,60.7872,-151.53167,,adult,M,15,D7244,Y,Y,Y,N
Stranding,5/7/2012,DL1201/2012-CIB-01,117701,SWFSC,Kenai River,60.549,-151.263,,calf,M,,no match,N,Y,Y,N
Stranding,5/27/2014,DL1401,143907,SWFSC,Anchorage,61.1451,-150.03702,,adult,M,23,D115,Y,Y,Y,N
Stranding,5/27/2014,DL1402,143908,SWFSC,Anchorage,61.14666,-150.04367,,adult,F,,no match,N,Y,Y,N
Stranding,9/2/2014,2014-CIB-07,144309,SWFSC,Tyonek,61.08825,-149.7976,,adult,F,39,L1849,N,N,N,N
Stranding,9/4/2014,2014160/2014-CIB-07,144313,SWFSC,Tyonek,61.544,-151.742,,adult,F,,no match,N,Y,Y,N
Stranding,5/29/2014,DL1403,156820,SWFSC,Anchorage,61.14666,-150.04367,,,M, ,no match,N,N,N,N
Stranding,8/2/2014,DL1404/2014090,156870,SWFSC,Tyonek,61.0049,-151.2425,,adult,M,40,D527,Y,Y,Y,N
Stranding,10/9/2013,2013177,156873,SWFSC,Turnagain arm,60.92008,-149.50628,,adult,M,40,D106,Y,Y,Y,N
Stranding,9/8/2014,2014165/DLBBN14-01/DL1406/2014-CIB,156874,SWFSC,Turnagain Arm,60.985182,-149.531876,,adult,M,20,L496,Y,Y,Y,N
Stranding,6/13/2015,2015066/2015-CIB-01,157255,SWFSC,Tyonek,61.0634,-151.14062,,adult,M,20,D2303,Y,Y,Y,N
Stranding,2/5/2016,26-Jan-16,166562,SWFSC,Hope,60.948162,-149.675442,,,U,,no match,N,Y,Y,N
Stranding,7/16/2016,2016133,174796,SWFSC,Anchorage,61.10955,149.934366,,aborted fetus,M,,no match,N,Y,Y,N
Stranding,4/4/2016,2016021,184842,SWFSC,Tyonek,61.049106,-151.160591,,adult,F,,no match,N,Y,Y,N
Stranding,8/16/2016,2016190,184846,SWFSC,Nikiski,60.77979,-151.20969,,adult,M,,no match,N,Y,N,N
Stranding,6/13/2017,2017052,189632,SWFSC,Hope,60.9373,-149.6699,,calf,U,,no match,N,Y,Y,N
Stranding,9/22/2017,2017197,189642,SWFSC,Point Possession,61.7197,-150.46008,,adult,F,,no match,N,Y,Y,N
Stranding,9/22/2017,2017198,189643,SWFSC,Chickaloon near Point Possession,61.00137,-150.32193,,subadult/adult,M,,no match,N,Y,Y,N
Stranding,9/22/2017,2017199,189644,SWFSC,Chickaloon near Point Possession,61.00055,-150.32193,,,M,,no match,N,Y,Y,N
Stranding,9/26/2017,2017206/DL1704,189645,SWFSC,Trading Bay,60.77043,-151.73683,,adult,F,,no match,N,Y,Y,N
Stranding,10/1/2017,2017215/DL1706,189646,SWFSC,Nikiski,60.7763,-151.2487,,subadult/adult,M,,no match,N,Y,Y,N
Stranding,10/3/2017,2017217,189647,SWFSC,Anchorage,61.215616,-149.912677,,calf,M,,no match,N,Y,Y,N
Stranding,10/7/2017,2017221,189648,SWFSC,Fire Island,61.12399,-150.27349,,adult,F,,no match,N,Y,Y,N
Stranding,10/12/2017,2017222,189649,SWFSC,Point Possession,61.00967,-150.48992,,subadult/adult,M,,no match,N,Y,Y,N
Stranding,10/22/2017,2017228,189650,SWFSC,Point Possession,61.02993,-150.41695,,subadult/adult,M,,no match,N,Y,Y,N
Stranding,10/24/2017,2017230,189651,SWFSC,Anchorage,61.076344,-149.830452,,subadult/adult,M,,no match,N,Y,Y,N
Stranding,9/30/2017,2017209/DL1705,DL17-05,NWFSC,Trading Bay,60.8412,-151.7994,,calf,M,,no match,N,Y,Y,N
Stranding,10/1/2018,AVPS_1801_2018278,2018278,NWFSC,Deep Creek,59.98203,-151.7258,,subadult/adult,M,,no match ,N,Y,Y,N
Stranding,7/2/2018,201809/DL1801,2018093,NWFSC,Kasilof River,60.2929,-151.3827,,subadult/adult,M,,no match ,N,Y,Y,N
Stranding,7/12/2018,2018126,2018126,NWFSC,Point Possession,61.0283,-150.4207,,calf of the year,M,,no match ,N,Y,Y,N
Stranding,9/28/2018,2018268/202330,2018268,NWFSC,Campbell Creek,61.1282,-149.9702,,calf of the year,U,,no match ,N,N,Y,N
Stranding,9/19/2019,2019384,2019384,NWFSC,Nikiski,60.8332,-150.9505,,adult,F,,no match ,N,Y,Y,N
Stranding,9/22/2019,2019396,2019396,NWFSC,Chickaloon,60.9272,-150.1191,,subadult,F,,no match ,N,Y,Y,N
Stranding,9/30/2019,DL1903,2019405,NWFSC,Kasilof River,60.3443,-151.38204,,adult,M,,no match ,N,N,Y,N
Stranding,9/28/2020,DL2004/UAM 144189,2020230,NWFSC,Beluga Point,61.0055,-149.6941,,subadult,M,,no match,N,Y,Y,N
